{
  "name": "scrollreveal",
  "description": "Easy scroll animations for web and mobile browsers.",
  "homepage": "https://scrollrevealjs.org",
  "main": [
    "dist/scrollreveal.js"
  ],
  "authors": [
    "Julian Lloyd"
  ],
  "license": "MIT",
  "keywords": [
    "scroll",
    "reveal",
    "css",
    "animation",
    "javascript",
    "mobile"
  ],
  "ignore": [
    "**/.*",
    "node_modules",
    "bower_components",
    "app/bower_components"
  ],
  "version": "3.3.6",
  "_release": "3.3.6",
  "_resolution": {
    "type": "version",
    "tag": "v3.3.6",
    "commit": "5284d5ded156015e9b04e83e903ee19bf0adb10c"
  },
  "_source": "https://github.com/jlmakes/scrollreveal.js.git",
  "_target": "^3.3.6",
  "_originalSource": "scrollreveal",
  "_direct": true
}